year,doy,phi
2011,1,485.2
2011,2,484.7
2011,3,481.2
2011,4,479.4
2011,5,473.2
2011,6,468.9
2011,7,476.9
2011,8,478.8
2011,9,480.1
2011,10,474.7
2011,11,468.7
2011,12,474.9
2011,13,479.5
2011,14,500.7
2011,15,492.8
2011,16,483.1
2011,17,486.4
2011,18,480.6
2011,19,475.4
2011,20,475.1
2011,21,473.0
2011,22,476.9
2011,23,474.7
2011,24,475.6
2011,25,476.3
2011,26,477.7
2011,27,479.3
2011,28,472.0
2011,29,470.3
2011,30,474.8
2011,31,482.5
2011,32,489.1
2011,33,497.6
2011,34,488.0
2011,35,481.8
2011,36,494.7
2011,37,484.8
2011,38,477.6
2011,39,467.8
2011,40,466.3
2011,41,460.5
2011,42,464.5
2011,43,461.4
2011,44,453.4
2011,45,444.4
2011,46,459.4
2011,47,452.7
2011,48,447.2
2011,49,535.4
2011,50,534.8
2011,51,508.0
2011,52,491.6
2011,53,481.8
2011,54,470.2
2011,55,463.3
2011,56,464.0
2011,57,462.4
2011,58,472.3
2011,59,477.9
2011,60,478.7
2011,61,495.0
2011,62,489.3
2011,63,493.7
2011,64,492.0
2011,65,494.2
2011,66,491.3
2011,67,488.2
2011,68,479.5
2011,69,492.6
2011,70,516.7
2011,71,509.1
2011,72,519.8
2011,73,524.0
2011,74,518.6
2011,75,519.6
2011,76,522.8
2011,77,529.1
2011,78,523.6
2011,79,516.5
2011,80,526.4
2011,81,517.7
2011,82,503.0
2011,83,499.5
2011,84,503.9
2011,85,508.8
2011,86,509.4
2011,87,508.9
2011,88,503.6
2011,89,561.3
2011,90,548.9
2011,91,533.7
2011,92,554.9
2011,93,578.7
2011,94,565.5
2011,95,564.8
2011,96,600.4
2011,97,607.3
2011,98,620.7
2011,99,582.4
2011,100,570.2
2011,101,562.9
2011,102,581.3
2011,103,571.8
2011,104,566.0
2011,105,559.0
2011,106,556.2
2011,107,549.0
2011,108,538.5
2011,109,537.7
2011,110,553.6
2011,111,554.5
2011,112,559.3
2011,113,553.8
2011,114,556.9
2011,115,546.3
2011,116,539.7
2011,117,534.9
2011,118,535.6
2011,119,532.1
2011,120,555.0
2011,121,562.2
2011,122,568.9
2011,123,565.4
2011,124,549.0
2011,125,533.4
2011,126,521.5
2011,127,516.3
2011,128,516.4
2011,129,508.7
2011,130,514.4
2011,131,510.7
2011,132,502.9
2011,133,498.5
2011,134,494.5
2011,135,507.8
2011,136,519.0
2011,137,515.8
2011,138,512.3
2011,139,518.2
2011,140,526.8
2011,141,525.2
2011,142,526.4
2011,143,524.5
2011,144,517.1
2011,145,517.2
2011,146,507.7
2011,147,517.2
2011,148,535.6
2011,149,550.9
2011,150,557.0
2011,151,558.8
2011,152,552.4
2011,153,547.6
2011,154,540.8
2011,155,529.5
2011,156,591.8
2011,157,563.9
2011,158,558.7
2011,159,566.8
2011,160,564.5
2011,161,593.7
2011,162,594.2
2011,163,573.4
2011,164,567.8
2011,165,580.6
2011,166,577.5
2011,167,579.8
2011,168,631.3
2011,169,645.5
2011,170,628.7
2011,171,608.2
2011,172,593.1
2011,173,598.4
2011,174,651.4
2011,175,686.6
2011,176,668.1
2011,177,633.9
2011,178,609.0
2011,179,588.4
2011,180,584.5
2011,181,577.4
2011,182,575.2
2011,183,567.8
2011,184,563.6
2011,185,566.3
2011,186,556.5
2011,187,558.5
2011,188,572.1
2011,189,553.6
2011,190,540.0
2011,191,542.8
2011,192,584.7
2011,193,611.8
2011,194,592.6
2011,195,584.6
2011,196,584.6
2011,197,573.5
2011,198,562.4
2011,199,555.5
2011,200,566.0
2011,201,575.3
2011,202,585.8
2011,203,577.2
2011,204,563.6
2011,205,558.3
2011,206,559.0
2011,207,553.4
2011,208,549.1
2011,209,544.7
2011,210,548.1
2011,211,551.1
2011,212,569.7
2011,213,569.1
2011,214,556.9
2011,215,552.6
2011,216,551.7
2011,217,564.7
2011,218,637.7
2011,219,623.3
2011,220,581.8
2011,221,573.2
2011,222,564.1
2011,223,560.1
2011,224,564.7
2011,225,561.7
2011,226,558.4
2011,227,560.0
2011,228,570.8
2011,229,571.2
2011,230,571.2
2011,231,549.8
2011,232,536.2
2011,233,535.6
2011,234,535.3
2011,235,535.4
2011,236,541.9
2011,237,531.5
2011,238,530.1
2011,239,540.8
2011,240,539.9
2011,241,536.0
2011,242,527.3
2011,243,521.7
2011,244,521.8
2011,245,515.2
2011,246,518.8
2011,247,526.6
2011,248,529.1
2011,249,523.8
2011,250,527.0
2011,251,522.9
2011,252,525.5
2011,253,578.8
2011,254,593.0
2011,255,590.0
2011,256,595.4
2011,257,598.7
2011,258,590.1
2011,259,570.3
2011,260,577.8
2011,261,605.8
2011,262,558.4
2011,263,554.5
2011,264,539.9
2011,265,525.0
2011,266,524.8
2011,267,528.2
2011,268,527.0
2011,269,579.1
2011,270,652.4
2011,271,639.6
2011,272,631.2
2011,273,621.1
2011,274,608.1
2011,275,610.2
2011,276,609.4
2011,277,593.7
2011,278,601.7
2011,279,622.0
2011,280,609.5
2011,281,600.3
2011,282,610.3
2011,283,618.6
2011,284,612.6
2011,285,611.6
2011,286,598.0
2011,287,600.0
2011,288,608.5
2011,289,601.7
2011,290,585.6
2011,291,562.8
2011,292,548.0
2011,293,544.2
2011,294,537.3
2011,295,527.4
2011,296,527.1
2011,297,517.6
2011,298,620.9
2011,299,591.3
2011,300,579.8
2011,301,557.0
2011,302,534.9
2011,303,525.7
2011,304,556.1
2011,305,566.7
2011,306,591.8
2011,307,583.5
2011,308,572.7
2011,309,560.0
2011,310,558.5
2011,311,553.1
2011,312,558.4
2011,313,540.3
2011,314,551.8
2011,315,558.8
2011,316,550.4
2011,317,554.4
2011,318,548.7
2011,319,543.2
2011,320,551.2
2011,321,549.3
2011,322,542.9
2011,323,543.6
2011,324,530.7
2011,325,520.9
2011,326,538.9
2011,327,534.0
2011,328,537.8
2011,329,533.1
2011,330,527.4
2011,331,530.6
2011,332,519.4
2011,333,548.1
2011,334,552.4
2011,335,518.9
2011,336,518.1
2011,337,525.5
2011,338,524.2
2011,339,519.4
2011,340,519.5
2011,341,520.1
2011,342,523.3
2011,343,517.0
2011,344,512.7
2011,345,518.9
2011,346,513.2
2011,347,503.1
2011,348,493.1
2011,349,486.0
2011,350,481.1
2011,351,478.6
2011,352,482.9
2011,353,501.3
2011,354,506.7
2011,355,521.8
2011,356,523.0
2011,357,525.1
2011,358,513.9
2011,359,512.2
2011,360,508.4
2011,361,497.1
2011,362,507.8
2011,363,516.8
2011,364,525.8
2011,365,534.3
2012,1,524.0
2012,2,534.3
2012,3,535.8
2012,4,542.3
2012,5,529.4
2012,6,514.3
2012,7,507.6
2012,8,506.0
2012,9,509.9
2012,10,515.0
2012,11,509.9
2012,12,508.6
2012,13,511.1
2012,14,506.9
2012,15,503.9
2012,16,512.8
2012,17,515.2
2012,18,506.3
2012,19,499.2
2012,20,508.3
2012,21,517.2
2012,22,538.8
2012,23,572.7
2012,24,563.8
2012,25,593.7
2012,26,588.2
2012,27,576.9
2012,28,577.3
2012,29,572.4
2012,30,581.0
2012,31,616.1
2012,32,668.7
2012,33,637.0
2012,34,591.2
2012,35,566.8
2012,36,558.9
2012,37,558.9
2012,38,558.2
2012,39,558.9
2012,40,550.1
2012,41,553.6
2012,42,550.5
2012,43,553.3
2012,44,554.0
2012,45,575.3
2012,46,600.1
2012,47,594.1
2012,48,589.4
2012,49,581.7
2012,50,566.8
2012,51,555.5
2012,52,537.0
2012,53,528.2
2012,54,527.8
2012,55,531.0
2012,56,532.5
2012,57,537.7
2012,58,587.8
2012,59,622.0
2012,60,620.4
2012,61,603.8
2012,62,590.6
2012,63,581.3
2012,64,581.8
2012,65,576.2
2012,66,587.1
2012,67,592.0
2012,68,720.4
2012,69,919.0
2012,70,835.4
2012,71,782.8
2012,72,800.4
2012,73,843.9
2012,74,744.7
2012,75,719.6
2012,76,717.1
2012,77,676.7
2012,78,648.0
2012,79,644.2
2012,80,625.1
2012,81,608.5
2012,82,590.4
2012,83,579.1
2012,84,572.4
2012,85,572.8
2012,86,571.8
2012,87,563.9
2012,88,581.8
2012,89,578.2
2012,90,585.7
2012,91,585.4
2012,92,579.5
2012,93,581.6
2012,94,568.3
2012,95,563.6
2012,96,576.9
2012,97,636.3
2012,98,600.6
2012,99,587.7
2012,100,592.1
2012,101,582.0
2012,102,576.9
2012,103,563.1
2012,104,549.8
2012,105,534.0
2012,106,526.9
2012,107,519.8
2012,108,515.3
2012,109,512.0
2012,110,506.0
2012,111,503.4
2012,112,527.3
2012,113,529.6
2012,114,530.8
2012,115,543.5
2012,116,577.6
2012,117,595.1
2012,118,577.0
2012,119,570.9
2012,120,558.8
2012,121,542.4
2012,122,538.0
2012,123,531.9
2012,124,519.6
2012,125,549.3
2012,126,549.7
2012,127,541.6
2012,128,542.5
2012,129,546.2
2012,130,557.9
2012,131,545.8
2012,132,541.1
2012,133,548.7
2012,134,559.2
2012,135,550.9
2012,136,551.4
2012,137,546.3
2012,138,535.0
2012,139,560.4
2012,140,560.6
2012,141,560.4
2012,142,572.0
2012,143,571.6
2012,144,568.9
2012,145,563.1
2012,146,565.6
2012,147,549.8
2012,148,543.9
2012,149,543.9
2012,150,545.3
2012,151,558.8
2012,152,615.2
2012,153,602.8
2012,154,602.9
2012,155,598.1
2012,156,602.2
2012,157,600.4
2012,158,612.4
2012,159,605.6
2012,160,605.5
2012,161,604.6
2012,162,610.6
2012,163,594.5
2012,164,571.5
2012,165,566.3
2012,166,562.4
2012,167,554.8
2012,168,569.5
2012,169,647.6
2012,170,630.2
2012,171,609.4
2012,172,588.7
2012,173,586.5
2012,174,585.5
2012,175,574.7
2012,176,559.2
2012,177,564.1
2012,178,560.1
2012,179,569.0
2012,180,568.8
2012,181,565.6
2012,182,568.7
2012,183,576.0
2012,184,577.7
2012,185,579.7
2012,186,601.1
2012,187,649.1
2012,188,639.5
2012,189,636.3
2012,190,643.6
2012,191,656.0
2012,192,632.0
2012,193,616.1
2012,194,611.3
2012,195,610.8
2012,196,619.1
2012,197,731.1
2012,198,738.4
2012,199,682.9
2012,200,665.2
2012,201,693.0
2012,202,741.6
2012,203,748.1
2012,204,734.1
2012,205,737.7
2012,206,708.4
2012,207,680.2
2012,208,669.7
2012,209,687.2
2012,210,702.7
2012,211,670.9
2012,212,672.9
2012,213,655.7
2012,214,663.0
2012,215,676.4
2012,216,674.9
2012,217,673.2
2012,218,673.1
2012,219,673.8
2012,220,667.5
2012,221,658.0
2012,222,657.6
2012,223,657.0
2012,224,663.5
2012,225,654.0
2012,226,665.4
2012,227,664.9
2012,228,659.4
2012,229,648.4
2012,230,644.5
2012,231,637.3
2012,232,647.4
2012,233,656.7
2012,234,658.9
2012,235,654.2
2012,236,631.9
2012,237,634.8
2012,238,628.3
2012,239,634.2
2012,240,635.4
2012,241,626.0
2012,242,618.1
2012,243,607.4
2012,244,598.1
2012,245,600.2
2012,246,603.6
2012,247,614.7
2012,248,651.2
2012,249,705.6
2012,250,687.9
2012,251,654.2
2012,252,627.9
2012,253,618.0
2012,254,615.0
2012,255,606.0
2012,256,594.9
2012,257,610.9
2012,258,610.5
2012,259,606.7
2012,260,596.0
2012,261,596.7
2012,262,597.5
2012,263,610.6
2012,264,604.7
2012,265,606.3
2012,266,598.0
2012,267,586.0
2012,268,577.2
2012,269,579.3
2012,270,596.0
2012,271,607.0
2012,272,590.3
2012,273,582.9
2012,274,590.2
2012,275,613.1
2012,276,632.0
2012,277,609.0
2012,278,594.0
2012,279,588.5
2012,280,583.2
2012,281,608.1
2012,282,630.9
2012,283,628.1
2012,284,654.1
2012,285,633.7
2012,286,658.7
2012,287,664.8
2012,288,655.3
2012,289,647.8
2012,290,636.6
2012,291,623.5
2012,292,628.5
2012,293,620.8
2012,294,616.5
2012,295,613.1
2012,296,602.1
2012,297,590.4
2012,298,585.3
2012,299,578.3
2012,300,581.5
2012,301,580.8
2012,302,590.6
2012,303,588.7
2012,304,591.1
2012,305,589.0
2012,306,608.3
2012,307,599.3
2012,308,594.8
2012,309,592.2
2012,310,587.1
2012,311,586.3
2012,312,588.8
2012,313,584.2
2012,314,576.8
2012,315,577.5
2012,316,571.8
2012,317,564.0
2012,318,607.4
2012,319,622.0
2012,320,629.4
2012,321,610.8
2012,322,592.3
2012,323,585.9
2012,324,595.4
2012,325,599.2
2012,326,603.9
2012,327,601.6
2012,328,601.5
2012,329,653.9
2012,330,674.7
2012,331,661.0
2012,332,656.9
2012,333,643.0
2012,334,636.8
2012,335,620.7
2012,336,613.0
2012,337,626.2
2012,338,630.1
2012,339,627.6
2012,340,612.6
2012,341,600.4
2012,342,586.3
2012,343,577.2
2012,344,581.8
2012,345,579.1
2012,346,581.1
2012,347,589.3
2012,348,579.4
2012,349,588.1
2012,350,595.4
2012,351,598.5
2012,352,601.0
2012,353,596.9
2012,354,603.1
2012,355,610.4
2012,356,614.3
2012,357,603.2
2012,358,591.6
2012,359,587.8
2012,360,580.7
2012,361,578.1
2012,362,575.0
2012,363,575.7
2012,364,572.9
2012,365,578.2
2012,366,583.5
2013,1,574.7
2013,2,571.2
2013,3,566.8
2013,4,567.3
2013,5,557.9
2013,6,558.2
2013,7,566.2
2013,8,563.3
2013,9,560.6
2013,10,553.9
2013,11,561.4
2013,12,563.9
2013,13,563.3
2013,14,565.1
2013,15,561.7
2013,16,568.7
2013,17,586.1
2013,18,597.7
2013,19,617.0
2013,20,616.4
2013,21,594.5
2013,22,581.1
2013,23,570.8
2013,24,559.0
2013,25,562.0
2013,26,580.5
2013,27,590.5
2013,28,594.1
2013,29,584.8
2013,30,570.4
2013,31,559.1
2013,32,558.5
2013,33,561.9
2013,34,565.9
2013,35,565.4
2013,36,563.3
2013,37,566.3
2013,38,561.9
2013,39,570.6
2013,40,568.9
2013,41,561.5
2013,42,556.0
2013,43,557.5
2013,44,569.1
2013,45,566.3
2013,46,553.6
2013,47,560.2
2013,48,585.0
2013,49,585.3
2013,50,575.3
2013,51,564.8
2013,52,570.9
2013,53,575.3
2013,54,578.4
2013,55,570.6
2013,56,572.9
2013,57,582.0
2013,58,579.1
2013,59,577.1
2013,60,573.1
2013,61,571.6
2013,62,575.8
2013,63,579.3
2013,64,570.9
2013,65,562.5
2013,66,563.3
2013,67,559.3
2013,68,557.8
2013,69,558.8
2013,70,555.1
2013,71,553.4
2013,72,549.8
2013,73,558.2
2013,74,605.2
2013,75,621.7
2013,76,675.5
2013,77,716.1
2013,78,719.7
2013,79,691.9
2013,80,669.5
2013,81,658.8
2013,82,640.5
2013,83,630.1
2013,84,620.0
2013,85,620.7
2013,86,609.0
2013,87,599.7
2013,88,591.4
2013,89,601.5
2013,90,593.0
2013,91,583.8
2013,92,576.2
2013,93,569.3
2013,94,563.5
2013,95,561.2
2013,96,577.4
2013,97,576.1
2013,98,578.7
2013,99,570.1
2013,100,581.5
2013,101,592.2
2013,102,589.1
2013,103,583.8
2013,104,648.5
2013,105,677.5
2013,106,645.4
2013,107,634.7
2013,108,625.1
2013,109,618.9
2013,110,610.5
2013,111,602.4
2013,112,610.0
2013,113,612.8
2013,114,624.9
2013,115,620.4
2013,116,601.9
2013,117,589.5
2013,118,577.9
2013,119,570.2
2013,120,598.7
2013,121,612.8
2013,122,601.1
2013,123,603.3
2013,124,604.1
2013,125,596.1
2013,126,617.9
2013,127,641.7
2013,128,639.3
2013,129,642.8
2013,130,637.5
2013,131,631.2
2013,132,629.7
2013,133,637.2
2013,134,644.6
2013,135,661.5
2013,136,696.1
2013,137,702.5
2013,138,739.2
2013,139,737.9
2013,140,740.0
2013,141,739.6
2013,142,728.9
2013,143,723.2
2013,144,720.0
2013,145,742.5
2013,146,765.8
2013,147,735.3
2013,148,714.1
2013,149,696.1
2013,150,683.2
2013,151,667.2
2013,152,687.3
2013,153,699.6
2013,154,692.6
2013,155,686.6
2013,156,681.0
2013,157,684.3
2013,158,716.1
2013,159,727.4
2013,160,718.9
2013,161,718.9
2013,162,703.3
2013,163,688.3
2013,164,672.3
2013,165,663.8
2013,166,660.0
2013,167,664.9
2013,168,664.6
2013,169,657.4
2013,170,644.2
2013,171,640.6
2013,172,639.1
2013,173,640.4
2013,174,671.1
2013,175,720.3
2013,176,699.6
2013,177,702.5
2013,178,686.4
2013,179,718.9
2013,180,674.9
2013,181,666.3
2013,182,654.9
2013,183,650.2
2013,184,649.9
2013,185,653.2
2013,186,659.5
2013,187,673.3
2013,188,671.1
2013,189,656.7
2013,190,662.1
2013,191,690.9
2013,192,688.8
2013,193,680.1
2013,194,728.9
2013,195,703.4
2013,196,697.4
2013,197,686.0
2013,198,664.9
2013,199,650.9
2013,200,642.6
2013,201,629.2
2013,202,630.5
2013,203,633.0
2013,204,630.7
2013,205,623.0
2013,206,614.7
2013,207,626.0
2013,208,622.8
2013,209,639.9
2013,210,652.4
2013,211,658.3
2013,212,656.1
2013,213,653.0
2013,214,647.5
2013,215,649.3
2013,216,667.0
2013,217,674.7
2013,218,668.9
2013,219,657.9
2013,220,645.2
2013,221,642.9
2013,222,653.5
2013,223,651.8
2013,224,647.6
2013,225,639.3
2013,226,631.1
2013,227,628.9
2013,228,627.9
2013,229,624.7
2013,230,625.1
2013,231,624.3
2013,232,624.6
2013,233,635.4
2013,234,631.0
2013,235,628.9
2013,236,671.0
2013,237,662.2
2013,238,654.4
2013,239,645.2
2013,240,639.0
2013,241,635.0
2013,242,653.5
2013,243,655.9
2013,244,663.5
2013,245,656.6
2013,246,683.0
2013,247,697.2
2013,248,684.0
2013,249,676.3
2013,250,665.7
2013,251,650.1
2013,252,643.1
2013,253,639.7
2013,254,638.0
2013,255,633.7
2013,256,623.7
2013,257,620.9
2013,258,620.2
2013,259,619.1
2013,260,630.1
2013,261,629.4
2013,262,634.1
2013,263,630.1
2013,264,622.1
2013,265,619.2
2013,266,614.9
2013,267,623.9
2013,268,615.8
2013,269,614.7
2013,270,607.9
2013,271,602.2
2013,272,601.6
2013,273,600.2
2013,274,604.5
2013,275,652.2
2013,276,642.7
2013,277,621.4
2013,278,608.0
2013,279,594.6
2013,280,596.9
2013,281,592.9
2013,282,618.7
2013,283,614.7
2013,284,595.1
2013,285,584.9
2013,286,591.7
2013,287,588.6
2013,288,615.8
2013,289,620.7
2013,290,609.0
2013,291,610.5
2013,292,608.9
2013,293,596.2
2013,294,575.6
2013,295,584.7
2013,296,583.3
2013,297,603.7
2013,298,606.9
2013,299,585.1
2013,300,575.2
2013,301,574.9
2013,302,589.6
2013,303,623.1
2013,304,622.5
2013,305,619.3
2013,306,611.1
2013,307,600.2
2013,308,598.2
2013,309,593.3
2013,310,600.3
2013,311,600.8
2013,312,604.0
2013,313,621.8
2013,314,627.7
2013,315,663.1
2013,316,656.4
2013,317,638.9
2013,318,637.1
2013,319,633.1
2013,320,623.1
2013,321,614.5
2013,322,604.2
2013,323,600.5
2013,324,600.3
2013,325,601.6
2013,326,590.4
2013,327,605.9
2013,328,603.4
2013,329,601.4
2013,330,617.5
2013,331,635.9
2013,332,631.8
2013,333,611.0
2013,334,603.2
2013,335,650.2
2013,336,667.6
2013,337,657.1
2013,338,642.1
2013,339,630.8
2013,340,632.9
2013,341,630.6
2013,342,660.0
2013,343,654.9
2013,344,658.1
2013,345,646.9
2013,346,621.5
2013,347,619.7
2013,348,631.6
2013,349,691.0
2013,350,680.1
2013,351,657.0
2013,352,643.6
2013,353,647.5
2013,354,644.6
2013,355,632.1
2013,356,632.7
2013,357,631.4
2013,358,619.9
2013,359,632.5
2013,360,622.9
2013,361,620.1
2013,362,615.6
2013,363,604.3
2013,364,611.8
2013,365,612.5
2014,1,623.0
2014,2,650.2
2014,3,646.8
2014,4,633.7
2014,5,623.4
2014,6,617.9
2014,7,609.1
2014,8,637.0
2014,9,634.1
2014,10,679.3
2014,11,682.1
2014,12,675.1
2014,13,662.4
2014,14,635.9
2014,15,631.7
2014,16,624.4
2014,17,622.6
2014,18,618.7
2014,19,630.1
2014,20,623.4
2014,21,627.5
2014,22,641.4
2014,23,642.6
2014,24,640.8
2014,25,651.3
2014,26,654.0
2014,27,649.8
2014,28,664.2
2014,29,665.4
2014,30,645.7
2014,31,642.1
2014,32,635.1
2014,33,631.1
2014,34,644.9
2014,35,671.3
2014,36,668.6
2014,37,675.4
2014,38,657.3
2014,39,654.0
2014,40,637.2
2014,41,631.0
2014,42,645.8
2014,43,667.0
2014,44,669.8
2014,45,657.9
2014,46,669.2
2014,47,725.7
2014,48,712.1
2014,49,694.8
2014,50,679.9
2014,51,717.7
2014,52,741.9
2014,53,743.8
2014,54,729.0
2014,55,723.1
2014,56,713.4
2014,57,692.0
2014,58,683.0
2014,59,749.8
2014,60,775.3
2014,61,766.4
2014,62,743.2
2014,63,719.6
2014,64,712.1
2014,65,696.5
2014,66,679.5
2014,67,661.1
2014,68,645.2
2014,69,639.3
2014,70,633.5
2014,71,642.0
2014,72,654.9
2014,73,666.9
2014,74,663.8
2014,75,643.6
2014,76,638.1
2014,77,628.0
2014,78,628.0
2014,79,633.3
2014,80,644.1
2014,81,641.4
2014,82,651.5
2014,83,646.3
2014,84,646.7
2014,85,662.9
2014,86,671.7
2014,87,664.5
2014,88,652.1
2014,89,631.7
2014,90,623.2
2014,91,620.0
2014,92,619.4
2014,93,615.5
2014,94,617.8
2014,95,627.6
2014,96,674.3
2014,97,668.3
2014,98,666.1
2014,99,670.7
2014,100,670.8
2014,101,672.6
2014,102,661.8
2014,103,653.4
2014,104,645.2
2014,105,629.1
2014,106,622.3
2014,107,611.6
2014,108,651.1
2014,109,695.4
2014,110,705.8
2014,111,702.9
2014,112,683.6
2014,113,678.0
2014,114,687.8
2014,115,670.8
2014,116,660.2
2014,117,647.6
2014,118,626.3
2014,119,615.5
2014,120,627.7
2014,121,601.1
2014,122,595.7
2014,123,608.7
2014,124,629.9
2014,125,637.1
2014,126,634.6
2014,127,634.8
2014,128,626.4
2014,129,628.9
2014,130,625.9
2014,131,611.6
2014,132,600.5
2014,133,589.5
2014,134,592.1
2014,135,598.0
2014,136,620.9
2014,137,624.9
2014,138,618.2
2014,139,619.1
2014,140,616.9
2014,141,621.3
2014,142,628.8
2014,143,665.4
2014,144,672.4
2014,145,662.6
2014,146,662.0
2014,147,655.0
2014,148,649.1
2014,149,641.6
2014,150,653.8
2014,151,677.8
2014,152,655.5
2014,153,637.1
2014,154,630.7
2014,155,621.1
2014,156,612.5
2014,157,611.7
2014,158,629.3
2014,159,695.3
2014,160,676.0
2014,161,643.3
2014,162,635.9
2014,163,631.2
2014,164,622.1
2014,165,628.1
2014,166,644.5
2014,167,663.8
2014,168,672.7
2014,169,713.3
2014,170,733.4
2014,171,743.0
2014,172,729.8
2014,173,710.5
2014,174,699.7
2014,175,692.1
2014,176,686.8
2014,177,687.9
2014,178,681.5
2014,179,671.7
2014,180,679.7
2014,181,681.7
2014,182,675.9
2014,183,663.5
2014,184,659.1
2014,185,652.0
2014,186,650.6
2014,187,648.6
2014,188,643.2
2014,189,645.3
2014,190,648.0
2014,191,664.7
2014,192,663.6
2014,193,650.0
2014,194,648.9
2014,195,672.1
2014,196,694.2
2014,197,689.4
2014,198,685.7
2014,199,664.9
2014,200,655.8
2014,201,651.6
2014,202,640.6
2014,203,624.8
2014,204,615.5
2014,205,615.4
2014,206,615.2
2014,207,616.6
2014,208,618.4
2014,209,621.1
2014,210,620.2
2014,211,615.8
2014,212,608.1
2014,213,605.4
2014,214,612.6
2014,215,620.1
2014,216,623.1
2014,217,631.4
2014,218,622.5
2014,219,623.0
2014,220,643.7
2014,221,636.2
2014,222,624.8
2014,223,634.6
2014,224,647.7
2014,225,652.9
2014,226,646.1
2014,227,639.9
2014,228,624.5
2014,229,618.8
2014,230,624.5
2014,231,622.9
2014,232,621.2
2014,233,618.4
2014,234,597.9
2014,235,600.5
2014,236,597.3
2014,237,584.8
2014,238,578.0
2014,239,572.2
2014,240,588.6
2014,241,597.0
2014,242,603.0
2014,243,603.8
2014,244,601.7
2014,245,602.2
2014,246,591.0
2014,247,582.9
2014,248,612.8
2014,249,640.7
2014,250,687.5
2014,251,690.9
2014,252,689.8
2014,253,690.4
2014,254,686.4
2014,255,739.6
2014,256,814.0
2014,257,778.2
2014,258,724.4
2014,259,687.3
2014,260,670.9
2014,261,674.1
2014,262,636.3
2014,263,600.6
2014,264,569.9
2014,265,552.9
2014,266,564.0
2014,267,576.7
2014,268,602.5
2014,269,618.3
2014,270,629.2
2014,271,640.9
2014,272,649.0
2014,273,673.5
2014,274,679.9
2014,275,669.1
2014,276,666.1
2014,277,675.4
2014,278,680.5
2014,279,680.8
2014,280,671.1
2014,281,658.6
2014,282,649.8
2014,283,656.5
2014,284,649.0
2014,285,635.4
2014,286,630.7
2014,287,640.8
2014,288,609.5
2014,289,585.9
2014,290,571.9
2014,291,562.6
2014,292,576.3
2014,293,601.1
2014,294,637.6
2014,295,643.7
2014,296,639.5
2014,297,658.1
2014,298,668.5
2014,299,661.5
2014,300,676.0
2014,301,696.0
2014,302,685.1
2014,303,661.4
2014,304,671.5
2014,305,687.9
2014,306,702.8
2014,307,709.9
2014,308,720.9
2014,309,732.5
2014,310,736.4
2014,311,714.9
2014,312,708.1
2014,313,698.7
2014,314,758.6
2014,315,739.1
2014,316,720.0
2014,317,675.8
2014,318,648.0
2014,319,646.0
2014,320,635.9
2014,321,618.3
2014,322,587.1
2014,323,567.6
2014,324,564.6
2014,325,568.6
2014,326,601.3
2014,327,617.5
2014,328,629.2
2014,329,630.2
2014,330,625.6
2014,331,621.4
2014,332,624.3
2014,333,633.2
2014,334,645.9
2014,335,682.2
2014,336,730.5
2014,337,738.7
2014,338,765.3
2014,339,776.1
2014,340,768.8
2014,341,768.3
2014,342,751.8
2014,343,738.8
2014,344,723.9
2014,345,702.6
2014,346,691.6
2014,347,681.8
2014,348,659.8
2014,349,628.4
2014,350,608.9
2014,351,577.0
2014,352,581.2
2014,353,598.3
2014,354,600.7
2014,355,628.9
2014,356,780.9
2014,357,817.3
2014,358,826.9
2014,359,801.1
2014,360,789.2
2014,361,770.5
2014,362,750.8
2014,363,761.4
2014,364,773.1
2014,365,780.1
2015,1,776.7
2015,2,757.1
2015,3,735.3
2015,4,724.3
2015,5,721.6
2015,6,716.6
2015,7,734.2
2015,8,718.1
2015,9,693.9
2015,10,661.8
2015,11,637.7
2015,12,623.4
2015,13,615.7
2015,14,603.1
2015,15,601.1
2015,16,615.8
2015,17,634.2
2015,18,645.1
2015,19,646.4
2015,20,634.2
2015,21,658.3
2015,22,667.6
2015,23,661.7
2015,24,660.8
2015,25,665.3
2015,26,694.5
2015,27,692.8
2015,28,697.9
2015,29,714.5
2015,30,720.1
2015,31,718.2
2015,32,716.8
2015,33,726.2
2015,34,722.2
2015,35,713.2
2015,36,698.3
2015,37,696.3
2015,38,690.2
2015,39,687.5
2015,40,672.6
2015,41,652.3
2015,42,637.7
2015,43,631.1
2015,44,622.7
2015,45,632.2
2015,46,637.5
2015,47,643.9
2015,48,661.6
2015,49,681.4
2015,50,675.3
2015,51,670.0
2015,52,670.6
2015,53,686.7
2015,54,678.2
2015,55,678.1
2015,56,679.0
2015,57,669.0
2015,58,666.7
2015,59,668.8
2015,60,672.5
2015,61,696.5
2015,62,706.2
2015,63,702.3
2015,64,692.6
2015,65,685.2
2015,66,682.4
2015,67,676.6
2015,68,670.6
2015,69,668.1
2015,70,681.8
2015,71,712.9
2015,72,709.1
2015,73,705.3
2015,74,697.7
2015,75,705.9
2015,76,788.2
2015,77,794.2
2015,78,778.2
2015,79,757.3
2015,80,745.2
2015,81,754.6
2015,82,752.6
2015,83,737.2
2015,84,711.2
2015,85,715.0
2015,86,723.9
2015,87,716.8
2015,88,725.3
2015,89,720.9
2015,90,717.4
2015,91,754.2
2015,92,729.3
2015,93,722.8
2015,94,701.3
2015,95,683.5
2015,96,680.3
2015,97,679.5
2015,98,672.3
2015,99,680.7
2015,100,727.6
2015,101,732.7
2015,102,722.4
2015,103,709.0
2015,104,699.4
2015,105,706.5
2015,106,698.8
2015,107,700.6
2015,108,702.7
2015,109,691.5
2015,110,678.1
2015,111,681.9
2015,112,691.7
2015,113,689.8
2015,114,686.2
2015,115,684.3
2015,116,676.1
2015,117,663.4
2015,118,650.8
2015,119,642.6
2015,120,647.4
2015,121,656.1
2015,122,660.6
2015,123,659.2
2015,124,664.0
2015,125,678.9
2015,126,729.2
2015,127,741.3
2015,128,721.3
2015,129,701.0
2015,130,695.8
2015,131,685.7
2015,132,682.4
2015,133,673.2
2015,134,655.5
2015,135,649.5
2015,136,637.2
2015,137,634.9
2015,138,645.7
2015,139,658.3
2015,140,662.2
2015,141,652.6
2015,142,648.8
2015,143,649.6
2015,144,633.5
2015,145,624.8
2015,146,605.1
2015,147,595.2
2015,148,594.9
2015,149,599.9
2015,150,606.2
2015,151,615.9
2015,152,621.9
2015,153,626.9
2015,154,621.5
2015,155,622.2
2015,156,616.7
2015,157,611.6
2015,158,616.9
2015,159,631.6
2015,160,621.1
2015,161,610.9
2015,162,602.0
2015,163,596.9
2015,164,605.8
2015,165,624.1
2015,166,653.9
2015,167,649.0
2015,168,638.5
2015,169,640.0
2015,170,619.7
2015,171,614.1
2015,172,619.5
2015,173,667.1
2015,174,835.6
2015,175,806.2
2015,176,854.1
2015,177,802.6
2015,178,782.7
2015,179,749.4
2015,180,723.3
2015,181,674.0
2015,182,655.0
2015,183,643.2
2015,184,632.8
2015,185,620.5
2015,186,637.2
2015,187,631.4
2015,188,629.5
2015,189,622.4
2015,190,617.5
2015,191,607.3
2015,192,617.7
2015,193,631.3
2015,194,668.1
2015,195,666.6
2015,196,650.7
2015,197,650.8
2015,198,645.9
2015,199,642.5
2015,200,630.7
2015,201,625.9
2015,202,627.0
2015,203,625.9
2015,204,618.3
2015,205,616.1
2015,206,611.7
2015,207,611.2
2015,208,622.3
2015,209,610.2
2015,210,595.0
2015,211,585.7
2015,212,596.3
2015,213,601.2
2015,214,602.8
2015,215,600.5
2015,216,600.2
2015,217,589.8
2015,218,589.7
2015,219,604.9
2015,220,609.5
2015,221,611.5
2015,222,607.0
2015,223,633.6
2015,224,655.7
2015,225,626.7
2015,226,626.8
2015,227,660.6
2015,228,666.1
2015,229,656.0
2015,230,639.9
2015,231,614.3
2015,232,614.3
2015,233,616.4
2015,234,615.7
2015,235,607.4
2015,236,592.6
2015,237,590.1
2015,238,638.6
2015,239,653.8
2015,240,637.8
2015,241,621.0
2015,242,607.1
2015,243,602.3
2015,244,599.1
2015,245,589.7
2015,246,592.7
2015,247,593.8
2015,248,603.9
2015,249,610.0
2015,250,618.3
2015,251,664.5
2015,252,654.2
2015,253,646.3
2015,254,658.3
2015,255,665.8
2015,256,659.4
2015,257,657.0
2015,258,646.4
2015,259,641.5
2015,260,635.4
2015,261,625.8
2015,262,595.9
2015,263,607.1
2015,264,600.0
2015,265,610.9
2015,266,613.7
2015,267,616.5
2015,268,619.2
2015,269,611.5
2015,270,610.5
2015,271,609.8
2015,272,605.8
2015,273,607.8
2015,274,600.0
2015,275,611.6
2015,276,627.9
2015,277,637.8
2015,278,632.9
2015,279,636.8
2015,280,638.3
2015,281,627.1
2015,282,624.1
2015,283,619.4
2015,284,622.6
2015,285,623.2
2015,286,626.3
2015,287,624.4
2015,288,630.4
2015,289,628.7
2015,290,614.3
2015,291,602.9
2015,292,605.6
2015,293,603.2
2015,294,598.1
2015,295,599.5
2015,296,597.4
2015,297,601.2
2015,298,621.6
2015,299,623.7
2015,300,612.6
2015,301,604.6
2015,302,606.8
2015,303,608.3
2015,304,612.6
2015,305,601.5
2015,306,596.8
2015,307,585.1
2015,308,624.7
2015,309,619.1
2015,310,619.4
2015,311,669.3
2015,312,652.0
2015,313,643.1
2015,314,665.3
2015,315,663.9
2015,316,653.9
2015,317,643.5
2015,318,633.7
2015,319,626.3
2015,320,631.1
2015,321,612.6
2015,322,607.0
2015,323,616.7
2015,324,618.3
2015,325,618.2
2015,326,603.5
2015,327,591.9
2015,328,576.5
2015,329,559.8
2015,330,566.0
2015,331,586.2
2015,332,585.7
2015,333,574.4
2015,334,561.1
2015,335,560.3
2015,336,571.4
2015,337,578.4
2015,338,593.7
2015,339,605.7
2015,340,623.1
2015,341,630.7
2015,342,624.0
2015,343,617.4
2015,344,617.4
2015,345,619.3
2015,346,618.4
2015,347,614.5
2015,348,599.9
2015,349,615.4
2015,350,605.9
2015,351,605.5
2015,352,597.4
2015,353,583.3
2015,354,627.0
2015,355,619.5
2015,356,595.9
2015,357,585.6
2015,358,576.9
2015,359,579.7
2015,360,574.7
2015,361,573.1
2015,362,562.3
2015,363,554.5
2015,364,549.8
2015,365,593.1
2016,1,619.4
2016,2,597.0
2016,3,591.6
2016,4,577.6
2016,5,570.2
2016,6,562.0
2016,7,557.6
2016,8,552.0
2016,9,548.5
2016,10,552.3
2016,11,562.8
2016,12,568.6
2016,13,575.0
2016,14,572.1
2016,15,566.6
2016,16,565.2
2016,17,574.2
2016,18,570.4
2016,19,585.7
2016,20,590.2
2016,21,591.5
2016,22,583.8
2016,23,567.4
2016,24,540.4
2016,25,518.0
2016,26,514.4
2016,27,529.6
2016,28,542.1
2016,29,539.5
2016,30,527.6
2016,31,525.0
2016,32,531.3
2016,33,522.6
2016,34,510.4
2016,35,548.8
2016,36,561.8
2016,37,553.2
2016,38,541.1
2016,39,535.8
2016,40,538.2
2016,41,533.0
2016,42,517.4
2016,43,524.1
2016,44,542.2
2016,45,537.1
2016,46,549.7
2016,47,550.7
2016,48,539.8
2016,49,544.3
2016,50,544.1
2016,51,538.1
2016,52,532.3
2016,53,527.1
2016,54,525.3
2016,55,512.0
2016,56,511.2
2016,57,523.6
2016,58,538.9
2016,59,556.0
2016,60,560.0
2016,61,549.2
2016,62,522.9
2016,63,511.2
2016,64,512.4
2016,65,510.0
2016,66,521.3
2016,67,545.2
2016,68,550.5
2016,69,540.2
2016,70,522.2
2016,71,531.6
2016,72,544.8
2016,73,542.3
2016,74,549.5
2016,75,554.0
2016,76,559.0
2016,77,564.6
2016,78,545.3
2016,79,548.2
2016,80,541.0
2016,81,535.3
2016,82,539.4
2016,83,546.5
2016,84,565.1
2016,85,572.9
2016,86,574.8
2016,87,572.0
2016,88,547.1
2016,89,544.2
2016,90,543.5
2016,91,536.9
2016,92,525.3
2016,93,511.7
2016,94,518.8
2016,95,519.3
2016,96,517.5
2016,97,517.8
2016,98,525.4
2016,99,529.9
2016,100,518.8
2016,101,522.3
2016,102,544.1
2016,103,541.5
2016,104,550.4
2016,105,583.3
2016,106,583.5
2016,107,571.4
2016,108,557.9
2016,109,552.6
2016,110,550.8
2016,111,551.1
2016,112,568.0
2016,113,577.8
2016,114,579.1
2016,115,569.2
2016,116,558.9
2016,117,555.4
2016,118,544.8
2016,119,532.8
2016,120,521.0
2016,121,515.9
2016,122,525.6
2016,123,530.1
2016,124,530.1
2016,125,530.3
2016,126,519.9
2016,127,526.5
2016,128,537.4
2016,129,545.9
2016,130,546.3
2016,131,535.9
2016,132,519.8
2016,133,513.4
2016,134,507.7
2016,135,503.2
2016,136,516.2
2016,137,519.3
2016,138,533.4
2016,139,536.9
2016,140,545.7
2016,141,573.1
2016,142,563.7
2016,143,545.5
2016,144,535.0
2016,145,526.4
2016,146,516.5
2016,147,503.4
2016,148,504.5
2016,149,515.4
2016,150,513.6
2016,151,515.1
2016,152,507.0
2016,153,498.0
2016,154,488.2
2016,155,475.3
2016,156,466.2
2016,157,483.4
2016,158,490.8
2016,159,491.1
2016,160,485.7
2016,161,481.1
2016,162,474.7
2016,163,479.9
2016,164,489.6
2016,165,506.9
2016,166,531.9
2016,167,554.2
2016,168,565.0
2016,169,562.5
2016,170,552.4
2016,171,537.8
2016,172,518.2
2016,173,500.4
2016,174,487.1
2016,175,524.0
2016,176,527.8
2016,177,530.3
2016,178,523.3
2016,179,525.1
2016,180,517.3
2016,181,508.7
2016,182,494.8
2016,183,500.2
2016,184,495.3
2016,185,494.6
2016,186,489.2
2016,187,475.9
2016,188,465.9
2016,189,473.8
2016,190,503.3
2016,191,510.1
2016,192,525.5
2016,193,535.2
2016,194,543.6
2016,195,558.4
2016,196,557.2
2016,197,550.7
2016,198,542.8
2016,199,528.3
2016,200,517.5
2016,201,502.2
2016,202,548.4
2016,203,557.8
2016,204,540.7
2016,205,519.3
2016,206,517.8
2016,207,521.0
2016,208,512.4
2016,209,506.0
2016,210,495.7
2016,211,496.4
2016,212,490.5
2016,213,475.6
2016,214,464.0
2016,215,467.6
2016,216,510.7
2016,217,506.3
2016,218,496.5
2016,219,506.0
2016,220,516.8
2016,221,514.7
2016,222,523.9
2016,223,533.3
2016,224,535.0
2016,225,520.7
2016,226,506.1
2016,227,490.5
2016,228,485.7
2016,229,487.5
2016,230,491.8
2016,231,498.1
2016,232,505.2
2016,233,517.2
2016,234,524.5
2016,235,516.7
2016,236,497.0
2016,237,514.6
2016,238,503.9
2016,239,491.0
2016,240,486.0
2016,241,474.3
2016,242,465.6
2016,243,464.0
2016,244,478.2
2016,245,498.2
2016,246,513.3
2016,247,525.2
2016,248,527.0
2016,249,525.4
2016,250,520.1
2016,251,515.3
2016,252,519.9
2016,253,509.6
2016,254,488.3
2016,255,479.5
2016,256,480.4
2016,257,474.2
2016,258,466.3
2016,259,462.2
2016,260,474.1
2016,261,473.0
2016,262,493.3
2016,263,493.4
2016,264,502.7
2016,265,497.5
2016,266,497.2
2016,267,500.7
2016,268,499.7
2016,269,479.6
2016,270,474.5
2016,271,489.2
2016,272,509.9
2016,273,517.0
2016,274,514.7
2016,275,507.5
2016,276,496.2
2016,277,495.3
2016,278,492.3
2016,279,484.0
2016,280,471.4
2016,281,466.1
2016,282,452.9
2016,283,439.7
2016,284,441.9
2016,285,441.9
2016,286,463.2
2016,287,479.4
2016,288,458.3
2016,289,484.7
2016,290,479.8
2016,291,487.7
2016,292,482.9
2016,293,479.2
2016,294,470.6
2016,295,465.8
2016,296,452.8
2016,297,450.9
2016,298,459.9
2016,299,479.0
2016,300,501.4
2016,301,500.2
2016,302,500.2
2016,303,501.3
2016,304,501.1
2016,305,488.2
2016,306,474.7
2016,307,479.6
2016,308,486.1
2016,309,481.6
2016,310,460.5
2016,311,444.5
2016,312,440.7
2016,313,441.3
2016,314,453.8
2016,315,459.5
2016,316,457.6
2016,317,463.0
2016,318,477.5
2016,319,482.4
2016,320,481.8
2016,321,470.9
2016,322,459.2
2016,323,448.1
2016,324,444.0
2016,325,436.6
2016,326,441.0
2016,327,475.6
2016,328,497.9
2016,329,498.3
2016,330,502.4
2016,331,504.7
2016,332,501.8
2016,333,493.1
2016,334,484.7
2016,335,475.3
2016,336,471.2
2016,337,467.2
2016,338,447.3
2016,339,434.5
2016,340,442.9
2016,341,448.8
2016,342,444.8
2016,343,442.3
2016,344,457.2
2016,345,471.8
2016,346,473.7
2016,347,477.9
2016,348,465.2
2016,349,453.7
2016,350,448.0
2016,351,443.6
2016,352,439.1
2016,353,445.2
2016,354,468.0
2016,355,475.1
2016,356,482.7
2016,357,482.2
2016,358,483.6
2016,359,494.9
2016,360,504.3
2016,361,498.8
2016,362,493.2
2016,363,476.1
2016,364,465.5
2016,365,455.5
2016,366,451.7
2017,1,453.7
2017,2,448.5
2017,3,444.7
2017,4,455.8
2017,5,457.6
2017,6,467.9
2017,7,464.7
2017,8,467.9
2017,9,462.5
2017,10,456.3
2017,11,444.2
2017,12,436.3
2017,13,438.4
2017,14,442.5
2017,15,443.0
2017,16,444.8
2017,17,455.9
2017,18,448.7
2017,19,450.7
2017,20,461.4
2017,21,464.3
2017,22,462.7
2017,23,457.2
2017,24,448.2
2017,25,444.6
2017,26,454.3
2017,27,457.9
2017,28,446.5
2017,29,446.9
2017,30,438.1
2017,31,446.7
2017,32,452.2
2017,33,454.8
2017,34,463.6
2017,35,461.9
2017,36,463.1
2017,37,454.9
2017,38,447.4
2017,39,441.8
2017,40,453.7
2017,41,452.0
2017,42,443.0
2017,43,445.9
2017,44,449.1
2017,45,449.3
2017,46,445.4
2017,47,437.5
2017,48,445.1
2017,49,449.9
2017,50,448.4
2017,51,446.8
2017,52,443.1
2017,53,437.9
2017,54,442.2
2017,55,452.5
2017,56,449.0
2017,57,445.2
2017,58,435.3
2017,59,431.7
2017,60,443.5
2017,61,458.4
2017,62,455.3
2017,63,449.6
2017,64,447.6
2017,65,448.9
2017,66,447.7
2017,67,444.1
2017,68,442.6
2017,69,439.0
2017,70,434.7
2017,71,437.5
2017,72,441.8
2017,73,439.6
2017,74,433.3
2017,75,434.8
2017,76,431.3
2017,77,423.0
2017,78,420.3
2017,79,416.3
2017,80,428.2
2017,81,436.9
2017,82,432.0
2017,83,455.0
2017,84,446.2
2017,85,426.8
2017,86,429.5
2017,87,429.9
2017,88,434.6
2017,89,447.8
2017,90,453.9
2017,91,463.2
2017,92,463.2
2017,93,464.8
2017,94,474.2
2017,95,489.4
2017,96,484.6
2017,97,474.2
2017,98,465.6
2017,99,463.1
2017,100,459.0
2017,101,454.8
2017,102,445.8
2017,103,438.3
2017,104,436.1
2017,105,425.7
2017,106,418.6
2017,107,413.1
2017,108,412.5
2017,109,423.9
2017,110,442.7
2017,111,451.6
2017,112,478.0
2017,113,495.3
2017,114,496.5
2017,115,489.6
2017,116,480.1
2017,117,481.1
2017,118,479.8
2017,119,473.0
2017,120,467.3
2017,121,469.3
2017,122,476.9
2017,123,471.9
2017,124,465.8
2017,125,468.3
2017,126,461.3
2017,127,457.1
2017,128,451.8
2017,129,447.8
2017,130,445.9
2017,131,445.7
2017,132,436.0
2017,133,427.4
2017,134,423.8
2017,135,431.6
2017,136,446.3
2017,137,444.0
2017,138,443.5
2017,139,439.4
2017,140,440.8
2017,141,440.0
2017,142,444.0
2017,143,444.5
2017,144,449.4
2017,145,451.8
2017,146,446.0
2017,147,444.1
2017,148,479.8
2017,149,470.8
2017,150,465.1
2017,151,463.1
2017,152,455.9
2017,153,452.3
2017,154,448.9
2017,155,448.3
2017,156,446.9
2017,157,449.0
2017,158,445.6
2017,159,438.0
2017,160,440.6
2017,161,434.3
2017,162,425.9
2017,163,421.7
2017,164,424.5
2017,165,420.1
2017,166,416.1
2017,167,414.8
2017,168,432.0
2017,169,433.2
2017,170,434.5
2017,171,427.7
2017,172,427.8
2017,173,423.7
2017,174,434.6
2017,175,436.3
2017,176,451.0
2017,177,463.4
2017,178,471.4
2017,179,470.4
2017,180,466.4
2017,181,458.5
2017,182,458.0
2017,183,453.0
2017,184,451.7
2017,185,452.0
2017,186,440.9
2017,187,439.6
2017,188,437.4
2017,189,435.3
2017,190,431.9
2017,191,428.0
2017,192,438.0
2017,193,428.7
2017,194,425.4
2017,195,419.6
2017,196,414.9
2017,197,474.8
2017,198,502.7
2017,199,469.7
2017,200,444.5
2017,201,435.1
2017,202,445.1
2017,203,461.2
2017,204,475.8
2017,205,484.0
2017,206,479.7
2017,207,479.6
2017,208,475.8
2017,209,478.5
2017,210,487.5
2017,211,482.7
2017,212,483.2
2017,213,502.4
2017,214,508.8
2017,215,499.0
2017,216,503.4
2017,217,495.8
2017,218,488.4
2017,219,476.4
2017,220,468.5
2017,221,459.7
2017,222,449.5
2017,223,445.1
2017,224,453.7
2017,225,457.9
2017,226,461.5
2017,227,461.5
2017,228,460.9
2017,229,468.8
2017,230,483.1
2017,231,499.2
2017,232,506.9
2017,233,506.8
2017,234,507.9
2017,235,499.1
2017,236,501.4
2017,237,491.6
2017,238,482.6
2017,239,477.3
2017,240,468.0
2017,241,463.5
2017,242,449.4
2017,243,459.6
2017,244,459.1
2017,245,462.0
2017,246,463.8
2017,247,460.9
2017,248,455.7
2017,249,450.3
2017,250,476.8
2017,251,592.9
2017,252,562.2
2017,253,522.7
2017,254,483.8
2017,255,478.2
2017,256,486.0
2017,257,493.7
2017,258,508.7
2017,259,508.5
2017,260,503.1
2017,261,496.4
2017,262,496.2
2017,263,500.0
2017,264,500.2
2017,265,493.3
2017,266,493.6
2017,267,497.0
2017,268,506.3
2017,269,503.3
2017,270,512.7
2017,271,525.0
2017,272,516.2
2017,273,503.4
2017,274,499.3
2017,275,498.9
2017,276,482.5
2017,277,475.1
2017,278,481.7
2017,279,486.0
2017,280,492.8
2017,281,501.4
2017,282,495.6
2017,283,485.3
2017,284,481.0
2017,285,483.5
2017,286,494.3
2017,287,495.9
2017,288,489.8
2017,289,486.3
2017,290,473.3
2017,291,463.2
2017,292,454.7
2017,293,453.2
2017,294,460.7
2017,295,473.2
2017,296,484.2
2017,297,483.8
2017,298,487.8
2017,299,473.4
2017,300,468.4
2017,301,471.5
2017,302,462.8
2017,303,451.5
2017,304,438.1
2017,305,433.8
2017,306,461.7
2017,307,468.9
2017,308,472.8
2017,309,471.1
2017,310,466.0
2017,311,458.8
2017,312,470.7
2017,313,472.5
2017,314,478.2
2017,315,470.8
2017,316,463.6
2017,317,463.5
2017,318,468.7
2017,319,462.2
2017,320,468.3
2017,321,455.4
2017,322,441.9
2017,323,433.2
2017,324,424.3
2017,325,437.7
2017,326,426.7
2017,327,416.6
2017,328,408.8
2017,329,422.7
2017,330,417.7
2017,331,428.1
2017,332,440.2
2017,333,448.3
2017,334,469.1
2017,335,474.2
2017,336,467.6
2017,337,456.8
2017,338,447.9
2017,339,450.8
2017,340,458.0
2017,341,459.9
2017,342,458.4
2017,343,454.0
2017,344,443.8
2017,345,435.7
2017,346,437.7
2017,347,449.5
2017,348,446.9
2017,349,444.7
2017,350,438.8
2017,351,443.3
2017,352,438.4
2017,353,438.8
2017,354,431.6
2017,355,425.8
2017,356,416.6
2017,357,411.6
2017,358,422.9
2017,359,427.6
2017,360,436.3
2017,361,444.5
2017,362,458.5
2017,363,457.1
2017,364,451.8
2017,365,446.7
2018,1,455.3
2018,2,458.3
2018,3,452.4
2018,4,448.1
2018,5,443.5
2018,6,438.7
2018,7,431.6
2018,8,439.5
2018,9,451.5
2018,10,451.9
2018,11,445.9
2018,12,438.9
2018,13,434.6
2018,14,431.2
2018,15,426.1
2018,16,420.6
2018,17,411.0
2018,18,409.7
2018,19,410.4
2018,20,416.6
2018,21,422.6
2018,22,426.8
2018,23,420.4
2018,24,423.3
2018,25,430.3
2018,26,437.4
2018,27,445.8
2018,28,451.9
2018,29,451.9
2018,30,450.5
2018,31,448.4
2018,32,450.3
2018,33,445.5
2018,34,440.1
2018,35,438.1
2018,36,438.7
2018,37,439.3
2018,38,436.5
2018,39,433.9
2018,40,431.4
2018,41,427.5
2018,42,420.9
2018,43,420.3
2018,44,416.0
2018,45,415.8
2018,46,406.8
2018,47,416.3
2018,48,429.5
2018,49,426.5
2018,50,419.6
2018,51,421.1
2018,52,417.2
2018,53,421.7
2018,54,438.3
2018,55,446.9
2018,56,455.0
2018,57,456.1
2018,58,449.4
2018,59,447.1
2018,60,444.0
2018,61,440.5
2018,62,438.1
2018,63,440.6
2018,64,446.4
2018,65,448.3
2018,66,450.5
2018,67,448.6
2018,68,441.9
2018,69,437.4
2018,70,436.6
2018,71,431.4
2018,72,420.7
2018,73,410.7
2018,74,410.1
2018,75,413.1
2018,76,433.4
2018,77,430.5
2018,78,425.9
2018,79,418.7
2018,80,413.6
2018,81,418.5
2018,82,450.1
2018,83,454.3
2018,84,453.8
2018,85,448.8
2018,86,442.5
2018,87,437.4
2018,88,434.9
2018,89,438.0
2018,90,441.6
2018,91,446.3
2018,92,440.4
2018,93,436.3
2018,94,438.7
2018,95,437.7
2018,96,436.2
2018,97,430.0
2018,98,420.6
2018,99,419.0
2018,100,420.0
2018,101,418.9
2018,102,415.6
2018,103,411.4
2018,104,407.8
2018,105,402.7
2018,106,401.5
2018,107,398.4
2018,108,409.7
2018,109,411.3
2018,110,422.8
2018,111,433.7
2018,112,442.2
2018,113,439.9
2018,114,438.7
2018,115,433.9
2018,116,431.6
2018,117,434.1
2018,118,433.2
2018,119,430.5
2018,120,429.1
2018,121,428.4
2018,122,425.5
2018,123,422.0
2018,124,420.2
2018,125,414.8
2018,126,414.1
2018,127,418.0
2018,128,422.5
2018,129,421.3
2018,130,421.4
2018,131,423.2
2018,132,431.0
2018,133,433.5
2018,134,425.3
2018,135,417.1
2018,136,413.2
2018,137,426.8
2018,138,434.9
2018,139,426.2
2018,140,426.3
2018,141,430.6
2018,142,441.3
2018,143,447.5
2018,144,444.1
2018,145,441.6
2018,146,437.3
2018,147,434.3
2018,148,432.3
2018,149,430.5
2018,150,422.9
2018,151,412.7
2018,152,412.8
2018,153,418.1
2018,154,414.9
2018,155,419.7
2018,156,415.4
2018,157,408.9
2018,158,407.7
2018,159,402.8
2018,160,400.5
2018,161,394.3
2018,162,393.0
2018,163,393.2
2018,164,396.5
2018,165,404.2
2018,166,406.0
2018,167,407.8
2018,168,412.7
2018,169,428.6
2018,170,432.4
2018,171,431.0
2018,172,422.3
2018,173,415.5
2018,174,433.6
2018,175,441.2
2018,176,431.6
2018,177,433.6
2018,178,432.1
2018,179,432.6
2018,180,428.5
2018,181,427.9
2018,182,427.0
2018,183,418.5
2018,184,420.6
2018,185,422.0
2018,186,415.2
2018,187,416.1
2018,188,415.1
2018,189,408.4
2018,190,403.5
2018,191,401.8
2018,192,409.4
2018,193,418.9
2018,194,421.4
2018,195,417.3
2018,196,413.6
2018,197,413.4
2018,198,425.3
2018,199,421.1
2018,200,415.7
2018,201,412.9
2018,202,425.2
2018,203,425.3
2018,204,416.5
2018,205,413.6
2018,206,410.7
2018,207,406.8
2018,208,408.3
2018,209,414.3
2018,210,415.0
2018,211,421.5
2018,212,424.0
2018,213,420.3
2018,214,415.6
2018,215,418.6
2018,216,412.7
2018,217,407.6
2018,218,412.3
2018,219,413.7
2018,220,416.0
2018,221,416.4
2018,222,414.2
2018,223,420.4
2018,224,420.3
2018,225,413.3
2018,226,406.0
2018,227,404.9
2018,228,415.0
2018,229,422.0
2018,230,426.0
2018,231,424.1
2018,232,420.6
2018,233,423.4
2018,234,422.7
2018,235,414.3
2018,236,418.4
2018,237,428.8
2018,238,415.4
2018,239,430.1
2018,240,425.2
2018,241,418.0
2018,242,416.9
2018,243,414.3
2018,244,413.3
2018,245,412.1
2018,246,410.3
2018,247,407.3
2018,248,410.7
2018,249,413.0
2018,250,414.3
2018,251,420.2
2018,252,415.5
2018,253,415.4
2018,254,424.1
2018,255,422.4
2018,256,416.6
2018,257,419.9
2018,258,416.3
2018,259,406.6
2018,260,395.8
2018,261,405.3
2018,262,406.6
2018,263,408.2
2018,264,409.3
2018,265,417.7
2018,266,429.5
2018,267,424.3
2018,268,416.4
2018,269,414.7
2018,270,411.2
2018,271,406.3
2018,272,409.1
2018,273,410.8
2018,274,406.0
2018,275,402.2
2018,276,397.7
2018,277,401.9
2018,278,401.0
2018,279,392.7
2018,280,402.1
2018,281,416.5
2018,282,412.1
2018,283,406.2
2018,284,409.0
2018,285,405.9
2018,286,407.5
2018,287,418.3
2018,288,421.6
2018,289,419.5
2018,290,423.1
2018,291,416.5
2018,292,415.2
2018,293,409.3
2018,294,415.4
2018,295,413.5
2018,296,406.3
2018,297,404.0
2018,298,399.5
2018,299,398.2
2018,300,403.8
2018,301,401.8
2018,302,401.6
2018,303,404.9
2018,304,402.1
2018,305,400.7
2018,306,395.2
2018,307,394.0
2018,308,396.6
2018,309,414.9
2018,310,415.4
2018,311,419.3
2018,312,426.4
2018,313,416.2
2018,314,424.0
2018,315,425.9
2018,316,433.2
2018,317,434.0
2018,318,431.1
2018,319,430.3
2018,320,433.5
2018,321,426.2
2018,322,430.5
2018,323,430.2
2018,324,420.6
2018,325,418.7
2018,326,413.0
2018,327,414.4
2018,328,407.5
2018,329,403.4
2018,330,398.2
2018,331,401.7
2018,332,405.9
2018,333,406.9
2018,334,401.4
2018,335,398.8
2018,336,400.2
2018,337,405.2
2018,338,421.1
2018,339,421.4
2018,340,418.7
2018,341,423.9
2018,342,433.4
2018,343,441.4
2018,344,446.8
2018,345,441.7
2018,346,435.5
2018,347,433.2
2018,348,432.0
2018,349,430.7
2018,350,422.0
2018,351,421.7
2018,352,422.9
2018,353,420.0
2018,354,419.1
2018,355,411.3
2018,356,406.5
2018,357,403.6
2018,358,402.1
2018,359,405.1
2018,360,409.3
2018,361,407.9
2018,362,413.4
2018,363,411.7
2018,364,411.4
2018,365,416.4
2019,1,424.0
2019,2,422.2
2019,3,419.4
2019,4,415.1
2019,5,424.6
2019,6,434.2
2019,7,437.5
2019,8,442.3
2019,9,444.0
2019,10,441.4
2019,11,447.0
2019,12,443.0
2019,13,439.6
2019,14,436.9
2019,15,433.4
2019,16,429.4
2019,17,422.8
2019,18,418.3
2019,19,410.2
2019,20,405.2
2019,21,404.0
2019,22,398.7
2019,23,398.9
2019,24,403.5
2019,25,415.6
2019,26,418.2
2019,27,417.6
2019,28,419.9
2019,29,420.1
2019,30,417.4
2019,31,415.5
2019,32,424.7
2019,33,430.0
2019,34,425.1
2019,35,418.7
2019,36,420.9
2019,37,428.6
2019,38,424.1
2019,39,431.9
2019,40,436.7
2019,41,438.8
2019,42,433.1
2019,43,431.7
2019,44,425.7
2019,45,430.8
2019,46,424.1
2019,47,419.8
2019,48,418.9
2019,49,415.5
2019,50,407.0
2019,51,395.4
2019,52,396.1
2019,53,396.7
2019,54,398.0
2019,55,398.3
2019,56,394.1
2019,57,399.1
2019,58,404.3
2019,59,405.9
2019,60,412.6
2019,61,412.5
2019,62,407.8
2019,63,409.8
2019,64,401.5
2019,65,406.5
2019,66,406.9
2019,67,399.4
2019,68,400.1
2019,69,400.2
2019,70,397.2
2019,71,402.6
2019,72,411.9
2019,73,414.5
2019,74,412.7
2019,75,413.4
2019,76,417.9
2019,77,413.0
2019,78,402.9
2019,79,398.7
2019,80,400.2
2019,81,396.0
2019,82,393.0
2019,83,385.6
2019,84,383.6
2019,85,392.2
2019,86,398.2
2019,87,407.4
2019,88,414.1
2019,89,414.1
2019,90,409.1
2019,91,408.6
2019,92,408.3
2019,93,407.7
2019,94,406.8
2019,95,402.1
2019,96,394.1
2019,97,390.2
2019,98,391.9
2019,99,392.7
2019,100,397.4
2019,101,408.1
2019,102,410.3
2019,103,411.2
2019,104,409.2
2019,105,408.6
2019,106,406.5
2019,107,400.5
2019,108,403.9
2019,109,401.4
2019,110,397.8
2019,111,399.4
2019,112,402.8
2019,113,404.1
2019,114,402.9
2019,115,403.6
2019,116,406.7
2019,117,406.0
2019,118,408.0
2019,119,404.6
2019,120,403.2
2019,121,408.9
2019,122,411.9
2019,123,417.4
2019,124,419.4
2019,125,416.3
2019,126,417.3
2019,127,425.2
2019,128,429.6
2019,129,433.8
2019,130,439.5
2019,131,455.9
2019,132,467.1
2019,133,440.3
2019,134,441.2
2019,135,440.0
2019,136,454.1
2019,137,460.8
2019,138,449.1
2019,139,440.6
2019,140,434.1
2019,141,427.6
2019,142,417.4
2019,143,416.7
2019,144,419.6
2019,145,414.1
2019,146,403.5
2019,147,410.6
2019,148,412.8
2019,149,412.1
2019,150,413.9
2019,151,414.1
2019,152,410.3
2019,153,411.6
2019,154,413.8
2019,155,410.1
2019,156,410.7
2019,157,413.6
2019,158,419.9
2019,159,410.6
2019,160,412.4
2019,161,408.8
2019,162,410.3
2019,163,407.7
2019,164,421.6
2019,165,431.8
2019,166,425.4
2019,167,421.2
2019,168,416.2
2019,169,413.7
2019,170,406.1
2019,171,410.5
2019,172,410.6
2019,173,405.8
2019,174,401.1
2019,175,402.4
2019,176,403.7
2019,177,406.8
2019,178,407.2
2019,179,409.0
2019,180,413.4
2019,181,413.3
2019,182,419.1
2019,183,416.9
2019,184,409.8
2019,185,404.6
2019,186,406.1
2019,187,404.0
2019,188,404.2
2019,189,405.6
2019,190,423.7
2019,191,426.9
2019,192,425.3
2019,193,421.0
2019,194,426.3
2019,195,421.6
2019,196,424.6
2019,197,420.1
2019,198,417.4
2019,199,418.6
2019,200,409.2
2019,201,406.0
2019,202,408.1
2019,203,402.3
2019,204,402.6
2019,205,398.1
2019,206,407.7
2019,207,406.2
2019,208,404.8
2019,209,409.3
2019,210,410.1
2019,211,402.6
2019,212,410.7
2019,213,416.9
2019,214,409.4
2019,215,403.7
2019,216,403.7
2019,217,416.8
2019,218,420.0
2019,219,414.2
2019,220,408.4
2019,221,422.1
2019,222,421.6
2019,223,414.6
2019,224,418.2
2019,225,423.2
2019,226,419.1
2019,227,416.3
2019,228,413.1
2019,229,413.9
2019,230,413.2
2019,231,406.1
2019,232,411.9
2019,233,410.6
2019,234,405.9
2019,235,405.0
2019,236,401.5
2019,237,396.2
2019,238,400.2
2019,239,402.8
2019,240,405.5
2019,241,399.9
2019,242,406.4
2019,243,414.2
2019,244,414.3
2019,245,424.7
2019,246,417.8
2019,247,409.9
2019,248,406.7
2019,249,407.5
2019,250,402.9
2019,251,398.7
2019,252,396.2
2019,253,394.6
2019,254,392.6
2019,255,396.4
2019,256,398.0
2019,257,404.3
2019,258,408.7
2019,259,404.5
2019,260,406.4
2019,261,401.5
2019,262,395.1
2019,263,390.8
2019,264,388.2
2019,265,392.0
2019,266,397.0
2019,267,392.4
2019,268,395.6
2019,269,390.1
2019,270,394.0
2019,271,398.0
2019,272,394.4
2019,273,395.9
2019,274,396.5
2019,275,402.2
2019,276,403.5
2019,277,406.6
2019,278,406.8
2019,279,400.7
2019,280,407.0
2019,281,403.9
2019,282,399.0
2019,283,404.6
2019,284,396.2
2019,285,391.8
2019,286,399.2
2019,287,401.7
2019,288,406.1
2019,289,408.3
2019,290,400.4
2019,291,403.1
2019,292,399.6
2019,293,397.9
2019,294,397.5
2019,295,397.6
2019,296,388.7
2019,297,387.4
2019,298,394.7
2019,299,401.8
2019,300,407.0
2019,301,404.5
2019,302,400.9
